"Designator","Footprint","Mid X","Mid Y","Ref X","Ref Y","Pad X","Pad Y","Layer","Rotation","Comment",
"C5","C_0603_1608Metric","13.815mm","23.61mm","13.815mm","23.61mm","13.04mm","23.61mm","T","0","22u",
"C6","C_0603_1608Metric","17.62mm","16.31mm","17.62mm","16.31mm","18.395mm","16.31mm","T","180","100n",
"C7","C_0603_1608Metric","17.62mm","17.83mm","17.62mm","17.83mm","18.395mm","17.83mm","T","180","22u",
"C8","C_0603_1608Metric","13.815mm","25.13mm","13.815mm","25.13mm","13.04mm","25.13mm","T","0","100n",
"C9","C_0603_1608Metric","17.465mm","27.03mm","17.465mm","27.03mm","18.24mm","27.03mm","T","180","10p",
"C10","C_0603_1608Metric","13.975mm","14.41mm","13.975mm","14.41mm","14.75mm","14.41mm","T","180","10p",
"C11","C_0603_1608Metric","20.475mm","23.99mm","20.475mm","23.99mm","21.25mm","23.99mm","T","180","22u",
"C12","C_0603_1608Metric","10.96mm","17.45mm","10.96mm","17.45mm","10.185mm","17.45mm","T","0","22u",
"C13","C_0603_1608Metric","20.475mm","25.51mm","20.475mm","25.51mm","21.25mm","25.51mm","T","180","100n",
"C14","C_0603_1608Metric","10.96mm","15.93mm","10.96mm","15.93mm","10.185mm","15.93mm","T","0","100n",
"C15","C_0603_1608Metric","23.495mm","25.51mm","23.495mm","25.51mm","22.72mm","25.51mm","T","0","22u",
"C16","C_0603_1608Metric","7.935mm","15.93mm","7.935mm","15.93mm","8.71mm","15.93mm","T","180","22u",
"C17","C_0603_1608Metric","23.5mm","27.03mm","23.5mm","27.03mm","22.725mm","27.03mm","T","0","100n",
"C18","C_0603_1608Metric","7.935mm","14.41mm","7.935mm","14.41mm","8.71mm","14.41mm","T","180","100n",
"C19","C_1206_3216Metric","21.326665mm","10.376651mm","21.326665mm","10.376651mm","21.326665mm","8.901651mm","T","90","1000p",
"C20","C_1206_3216Metric","22.484165mm","6.849151mm","22.484165mm","6.849151mm","21.009165mm","6.849151mm","T","0","1000p",
"C27","C_0603_1608Metric","10.5mm","25.33mm","10.5mm","25.33mm","9.725mm","25.33mm","T","0","22p",
"C28","C_0603_1608Metric","7.48mm","25.33mm","7.48mm","25.33mm","8.255mm","25.33mm","T","180","22p",
"C29","C_0603_1608Metric","10.94mm","62.31mm","10.94mm","62.31mm","10.94mm","61.535mm","T","90","100n",
"C30","C_0603_1608Metric","20.79mm","52.55mm","20.79mm","52.55mm","21.565mm","52.55mm","T","180","100n",
"C31","C_0603_1608Metric","23.06mm","62.29mm","23.06mm","62.29mm","23.06mm","61.515mm","T","90","100n",
"C32","C_0603_1608Metric","8.66mm","52.57mm","8.66mm","52.57mm","9.435mm","52.57mm","T","180","100n",
"C33","C_0603_1608Metric","30.69mm","44.57mm","30.69mm","44.57mm","30.69mm","43.795mm","T","90","100nF",
"C34","C_0603_1608Metric","32.955mm","45.31mm","32.955mm","45.31mm","33.73mm","45.31mm","T","180","100nF",
"C35","C_0603_1608Metric","25.07mm","34.54mm","25.07mm","34.54mm","25.07mm","35.315mm","T","-90","100n",
"C38","C_0603_1608Metric","19.14mm","31.44mm","19.14mm","31.44mm","18.365mm","31.44mm","T","0","100n",
"C44","C_0603_1608Metric","41.35mm","34.95mm","41.35mm","34.95mm","40.575mm","34.95mm","T","0","100n",
"C46","C_0603_1608Metric","39.55mm","27.29mm","39.55mm","27.29mm","39.55mm","28.065mm","T","-90","100n",
"C50","C_0603_1608Metric","24.2mm","48.2mm","24.2mm","48.2mm","24.975mm","48.2mm","T","180","2.2u",
"C54","C_0603_1608Metric","31.4mm","51.73mm","31.4mm","51.73mm","32.175mm","51.73mm","T","180","10u",
"C55","C_0603_1608Metric","6.625mm","28.135mm","6.625mm","28.135mm","6.625mm","28.91mm","T","-90","10p",
"C56","C_0603_1608Metric","6.625mm","31.155mm","6.625mm","31.155mm","6.625mm","30.38mm","T","90","10p",
"C63","C_0603_1608Metric","25.63mm","46.31mm","25.63mm","46.31mm","24.855mm","46.31mm","T","0","100n",
"D1","LED_0603_1608Metric","42.45mm","18.41125mm","42.45mm","18.41125mm","42.45mm","17.62375mm","T","90","LED",
"D2","LED_0603_1608Metric","45.51mm","18.40875mm","45.51mm","18.40875mm","45.51mm","17.62125mm","T","90","LED",
"D4","LED_0603_1608Metric","1.4875mm","8.24mm","1.4875mm","8.24mm","0.7mm","8.24mm","T","0","BLUE",
"D5","LED_0603_1608Metric","24.28mm","56.23mm","24.28mm","56.23mm","24.28mm","55.4425mm","T","90","GREEN",
"D6","LED_0603_1608Metric","12.16mm","56.25mm","12.16mm","56.25mm","12.16mm","55.4625mm","T","90","GREEN",
"D7","LED_0603_1608Metric","20.95mm","15.6mm","20.95mm","15.6mm","20.95mm","14.8125mm","T","90","GREEN",
"D8","LED_0603_1608Metric","22.47mm","15.6mm","22.47mm","15.6mm","22.47mm","14.8125mm","T","90","RED",
"D9","LED_0603_1608Metric","23.99mm","15.6mm","23.99mm","15.6mm","23.99mm","14.8125mm","T","90","GREEN",
"J4","JST_GH_SM02B-GHS-TB_1x02-1MP_P1.25mm_Horizontal","6.68mm","67.06mm","6.68mm","67.06mm","7.305mm","65.21mm","T","180","Conn_01x02",
"J5","JST_GH_SM02B-GHS-TB_1x02-1MP_P1.25mm_Horizontal","23.64mm","67.07mm","23.64mm","67.07mm","24.265mm","65.22mm","T","180","Conn_01x02",
"J6","JST_GH_SM03B-GHS-TB_1x03-1MP_P1.25mm_Horizontal","3.18mm","13.14mm","3.18mm","13.14mm","5.03mm","14.39mm","T","-90","Conn_01x03",
"J7","JST_GH_SM04B-GHS-TB_1x04-1MP_P1.25mm_Horizontal","15.16mm","67.07mm","15.16mm","67.07mm","17.035mm","65.22mm","T","180","Conn_01x04",
"L2","L_0805_2012Metric","18.25mm","20.37mm","18.25mm","20.37mm","18.25mm","19.3075mm","T","90","2.2uH",
"L3","L_0805_2012Metric","13.19mm","21.06mm","13.19mm","21.06mm","13.19mm","22.1225mm","T","-90","2.2uH",
"L4","SMD-24_L16.5-W9.0-P1.27-LS9.7-BL","33.231665mm","13.531651mm","33.231665mm","13.531651mm","26.246665mm","9.006651mm","T","0","G2425S",
"R4","R_0603_1608Metric","17.465mm","28.55mm","17.465mm","28.55mm","18.29mm","28.55mm","T","180","453k",
"R5","R_0603_1608Metric","16.715mm","24.76mm","16.715mm","24.76mm","16.715mm","25.585mm","T","-90","100K",
"R6","R_0603_1608Metric","13.975mm","12.89mm","13.975mm","12.89mm","13.15mm","12.89mm","T","0","453k",
"R7","R_0603_1608Metric","14.725mm","16.68mm","14.725mm","16.68mm","14.725mm","15.855mm","T","90","100K",
"R8","R_1206_3216Metric","23.656665mm","10.386651mm","23.656665mm","10.386651mm","23.656665mm","11.849151mm","T","-90","1M",
"R9","R_0603_1608Metric","37.051665mm","21.226651mm","37.051665mm","21.226651mm","37.051665mm","20.401651mm","T","90","0",
"R10","R_0603_1608Metric","29.556665mm","21.224151mm","29.556665mm","21.224151mm","29.556665mm","20.399151mm","T","90","0",
"R11","R_1206_3216Metric","22.484165mm","4.509151mm","22.484165mm","4.509151mm","21.021665mm","4.509151mm","T","0","1M",
"R17","R_0603_1608Metric","42.45mm","21.43125mm","42.45mm","21.43125mm","42.45mm","22.25625mm","T","-90","510",
"R18","R_0603_1608Metric","45.51mm","21.42875mm","45.51mm","21.42875mm","45.51mm","22.25375mm","T","-90","510",
"R19","R_0603_1608Metric","43.98mm","18.40875mm","43.98mm","18.40875mm","43.98mm","17.58375mm","T","90","0",
"R23","R_0603_1608Metric","4.5175mm","8.24mm","4.5175mm","8.24mm","3.6925mm","8.24mm","T","0","1K",
"R24","R_0603_1608Metric","24.28mm","59.26mm","24.28mm","59.26mm","24.28mm","58.435mm","T","90","1K",
"R25","R_0603_1608Metric","12.16mm","59.28mm","12.16mm","59.28mm","12.16mm","58.455mm","T","90","1K",
"R26","R_0603_1608Metric","8.66mm","61.56mm","8.66mm","61.56mm","7.835mm","61.56mm","T","0","120",
"R27","R_0603_1608Metric","20.78mm","61.53mm","20.78mm","61.53mm","19.955mm","61.53mm","T","0","120",
"R28","R_0603_1608Metric","37.79mm","46.06mm","37.79mm","46.06mm","37.79mm","46.885mm","T","-90","4.7K",
"R29","R_0603_1608Metric","36.27mm","43.79mm","36.27mm","43.79mm","35.445mm","43.79mm","T","0","22",
"R31","R_0603_1608Metric","33.85mm","26.72mm","33.85mm","26.72mm","33.85mm","27.545mm","T","-90","12K",
"R32","R_0603_1608Metric","32.33mm","26.72mm","32.33mm","26.72mm","32.33mm","27.545mm","T","-90","4.7K",
"R33","R_0603_1608Metric","20.95mm","21.64mm","20.95mm","21.64mm","20.95mm","22.465mm","T","-90","4.7K",
"R34","R_0603_1608Metric","22.47mm","21.64mm","22.47mm","21.64mm","22.47mm","22.465mm","T","-90","4.7K",
"R35","R_0603_1608Metric","23.99mm","21.64mm","23.99mm","21.64mm","23.99mm","22.465mm","T","-90","4.7K",
"R36","R_0603_1608Metric","20.95mm","18.62mm","20.95mm","18.62mm","20.95mm","17.795mm","T","90","510",
"R37","R_0603_1608Metric","22.47mm","18.62mm","22.47mm","18.62mm","22.47mm","17.795mm","T","90","510",
"R38","R_0603_1608Metric","23.99mm","18.62mm","23.99mm","18.62mm","23.99mm","17.795mm","T","90","510",
"R39","R_0603_1608Metric","42.45mm","24.45mm","42.45mm","24.45mm","42.45mm","23.625mm","T","90","4.7K",
"R40","R_0603_1608Metric","45.51mm","24.46mm","45.51mm","24.46mm","45.51mm","23.635mm","T","90","4.7K",
"R41","R_0603_1608Metric","36.27mm","48.33mm","36.27mm","48.33mm","37.095mm","48.33mm","T","180","4.7K",
"R42","R_0603_1608Metric","33.73mm","47.58mm","33.73mm","47.58mm","33.73mm","48.405mm","T","-90","4.7K",
"R43","R_0603_1608Metric","36.27mm","46.06mm","36.27mm","46.06mm","36.27mm","46.885mm","T","-90","4.7K",
"R44","R_0603_1608Metric","5.1mm","37.95mm","5.1mm","37.95mm","4.275mm","37.95mm","T","0","10K",
"R46","R_0603_1608Metric","5.1mm","39.47mm","5.1mm","39.47mm","5.925mm","39.47mm","T","180","0",
"R47","R_0603_1608Metric","25.63mm","44.78mm","25.63mm","44.78mm","24.805mm","44.78mm","T","0","0",
"R48","R_0603_1608Metric","25.63mm","43.26mm","25.63mm","43.26mm","26.455mm","43.26mm","T","180","10K",
"R49","R_0603_1608Metric","31.4mm","50.21mm","31.4mm","50.21mm","32.225mm","50.21mm","T","180","10K",
"R50","R_0603_1608Metric","8.98mm","26.86mm","8.98mm","26.86mm","8.155mm","26.86mm","T","0","1M",
"U2","WDFN-10_L3.0-W3.0-P0.50-BL-EP","15.72mm","20.71475mm","15.72mm","20.71475mm","16.72mm","22.12175mm","T","180","RT8075",
"U3","SOT-23-6","37.041665mm","24.816651mm","37.041665mm","24.816651mm","37.991665mm","25.954151mm","T","-90","SRV05-4",
"U4","SOT-23-6","29.561665mm","24.814151mm","29.561665mm","24.814151mm","30.511665mm","25.951651mm","T","-90","SRV05-4",
"U5","LQFP-100_14x14mm_P0.5mm","15.36mm","40.95mm","15.36mm","40.95mm","9.36mm","33.275mm","T","90","STM32F407VETx",
"U6","SOIC-8_3.9x4.9mm_P1.27mm","8.67mm","57.06mm","8.67mm","57.06mm","6.765mm","54.585mm","T","90","TJA1051T-3",
"U7","SOIC-8_3.9x4.9mm_P1.27mm","20.79mm","57.04mm","20.79mm","57.04mm","18.885mm","54.565mm","T","90","TJA1051T-3",
"U8","AX58100-QFP80","33.005mm","35.65mm","33.005mm","35.65mm","27.255mm","39.45mm","T","0","AX58100-LQPF80",
"U9","SOP-8_3.9x4.9mm_P1.27mm","35.64mm","52.82mm","35.64mm","52.82mm","37.545mm","55.445mm","T","-90","BL24C16F-PARC",
"X1","Crystal_SMD_3225-4Pin_3.2x2.5mm","42.04mm","29.17mm","42.04mm","29.17mm","42.89mm","28.07mm","T","90","25M",
"Y1","Crystal_SMD_3225-4Pin_3.2x2.5mm","8.99mm","22.84mm","8.99mm","22.84mm","7.89mm","21.99mm","T","0","8M",
"Y2","Crystal_SMD_3225-4Pin_3.2x2.5mm","4.135mm","29.64mm","4.135mm","29.64mm","3.285mm","30.74mm","T","-90","32.768KHz",
"CN1","CONN-TH_5019530507","37.234165mm","3.409151mm","37.234165mm","3.409151mm","39.234165mm","5.359151mm","T","0","5019530507",
"CN2","CONN-TH_5019530507","29.234165mm","3.409151mm","29.234165mm","3.409151mm","31.234165mm","5.359151mm","T","0","5019530507",
"FB1","L_0603_1608Metric","20.48mm","27.03mm","20.48mm","27.03mm","19.6925mm","27.03mm","T","0","PBY160808T-110Y-N",
"FB2","L_0603_1608Metric","10.955mm","14.4mm","10.955mm","14.4mm","11.7425mm","14.4mm","T","180","PBY160808T-110Y-N",
"SW1","SW_SPST_FSMSM","30.62mm","58.48mm","30.62mm","58.48mm","30.62mm","63.07mm","T","-90","SW_Push",
"C21","C_1206_3216Metric","22.484165mm","6.849151mm","22.484165mm","6.849151mm","23.959165mm","6.849151mm","B","180","1000p",
"C22","C_0603_1608Metric","37.814165mm","14.579151mm","37.814165mm","14.579151mm","37.814165mm","13.804151mm","B","90","100n",
"C23","C_0603_1608Metric","36.294165mm","14.579151mm","36.294165mm","14.579151mm","36.294165mm","13.804151mm","B","90","100n",
"C24","C_0603_1608Metric","30.204165mm","14.579151mm","30.204165mm","14.579151mm","30.204165mm","13.804151mm","B","90","100n",
"C25","C_0603_1608Metric","28.684165mm","14.574151mm","28.684165mm","14.574151mm","28.684165mm","13.799151mm","B","90","100n",
"C36","C_0603_1608Metric","31.55mm","41.76mm","31.55mm","41.76mm","30.775mm","41.76mm","B","0","100n",
"C37","C_0603_1608Metric","33.8mm","40.645mm","33.8mm","40.645mm","33.8mm","39.87mm","B","90","100n",
"C39","C_0603_1608Metric","31.07mm","29.65mm","31.07mm","29.65mm","31.07mm","28.875mm","B","90","100n",
"C40","C_0603_1608Metric","35.71mm","30.17mm","35.71mm","30.17mm","35.71mm","29.395mm","B","90","100n",
"C41","C_0603_1608Metric","33.44mm","30.06mm","33.44mm","30.06mm","34.215mm","30.06mm","B","180","100n",
"C42","C_0603_1608Metric","27.98mm","28.61mm","27.98mm","28.61mm","27.98mm","27.835mm","B","90","100n",
"C43","C_0603_1608Metric","27.67mm","35.97mm","27.67mm","35.97mm","27.67mm","36.745mm","B","-90","100n",
"C45","C_0603_1608Metric","38.73mm","36.97mm","38.73mm","36.97mm","38.73mm","37.745mm","B","-90","100n",
"C47","C_0603_1608Metric","27.305mm","31.92mm","27.305mm","31.92mm","28.08mm","31.92mm","B","180","100n",
"C48","C_0603_1608Metric","30.32mm","31.92mm","30.32mm","31.92mm","31.095mm","31.92mm","B","180","100n",
"C49","C_0603_1608Metric","36.58mm","34.31mm","36.58mm","34.31mm","36.58mm","35.085mm","B","-90","100n",
"C51","C_0603_1608Metric","12.435mm","46.61mm","12.435mm","46.61mm","13.21mm","46.61mm","B","180","2.2u",
"C52","C_0603_1608Metric","17.7mm","40.07mm","17.7mm","40.07mm","18.475mm","40.07mm","B","180","10u",
"C53","C_0603_1608Metric","17.7mm","38.55mm","17.7mm","38.55mm","18.475mm","38.55mm","B","180","100n",
"C57","C_0603_1608Metric","15.42mm","35.625mm","15.42mm","35.625mm","15.42mm","34.85mm","B","90","100n",
"C58","C_0603_1608Metric","9.42mm","46.61mm","9.42mm","46.61mm","8.645mm","46.61mm","B","0","100n",
"C60","C_0603_1608Metric","9.73mm","34.975mm","9.73mm","34.975mm","9.73mm","34.2mm","B","90","100n",
"C62","C_0603_1608Metric","12.93mm","35.62mm","12.93mm","35.62mm","12.93mm","34.845mm","B","90","100n",
"C64","C_0603_1608Metric","41.35mm","34.95mm","41.35mm","34.95mm","40.575mm","34.95mm","B","0","100n",
"C65","C_0603_1608Metric","20.37mm","35.2mm","20.37mm","35.2mm","20.37mm","35.975mm","B","-90","100n",
"D3","LED_0603_1608Metric","1.48mm","58.19mm","1.48mm","58.19mm","0.6925mm","58.19mm","B","0","BLUE",
"J2","JST_GH_SM03B-GHS-TB_1x03-1MP_P1.25mm_Horizontal","3.2mm","53.3mm","3.2mm","53.3mm","5.05mm","52.05mm","B","90","Conn_01x03",
"J3","JST_GH_SM04B-GHS-TB_1x04-1MP_P1.25mm_Horizontal","3.2mm","44.18mm","3.2mm","44.18mm","5.05mm","42.305mm","B","90","Conn_01x04",
"R12","R_0603_1608Metric","37.804165mm","5.339151mm","37.804165mm","5.339151mm","37.804165mm","6.164151mm","B","-90","75",
"R13","R_0603_1608Metric","36.284165mm","5.339151mm","36.284165mm","5.339151mm","36.284165mm","6.164151mm","B","-90","75",
"R14","R_0603_1608Metric","30.194165mm","5.339151mm","30.194165mm","5.339151mm","30.194165mm","6.164151mm","B","-90","75",
"R15","R_0603_1608Metric","28.674165mm","5.339151mm","28.674165mm","5.339151mm","28.674165mm","6.164151mm","B","-90","75",
"R16","R_1206_3216Metric","22.484165mm","4.509151mm","22.484165mm","4.509151mm","23.946665mm","4.509151mm","B","180","1M",
"R22","R_0603_1608Metric","4.5mm","58.19mm","4.5mm","58.19mm","3.675mm","58.19mm","B","0","1K",
"R30","R_0603_1608Metric","33.85mm","26.72mm","33.85mm","26.72mm","33.85mm","27.545mm","B","-90","4.7K",
"R45","R_0603_1608Metric","17.7mm","37.03mm","17.7mm","37.03mm","18.525mm","37.03mm","B","180","10",
"Through Hole Items ",
"J8","USB_C_Receptacle_HRO_TYPE-C-31-M-12","14.395mm","4.2mm","14.395mm","4.2mm","11.505mm","6.8mm","T","0","USB_C_Receptacle_USB2.0",
